<?xml version="1.0" encoding="UTF-8"?>
<!DOCTYPE log4j:configuration SYSTEM "log4j.dtd">
<log4j:configuration debug="true"
	xmlns:log4j='http://jakarta.apache.org/log4j/'>

	<appender name="syslog" class="org.graylog2.syslog4j.impl.log4j.Syslog4jAppender">
		<!--<param name="protocol" value="unix_socket" />-->
		<param name="Protocol" value="udp"/>
		<param name="Facility" value="user"/>
		<param name="SyslogHost" value="127.0.0.1"/>
		<layout class="org.apache.log4j.PatternLayout">
			<param name="ConversionPattern" value="%m"/><!-- %d{ABSOLUTE} %-5p [%c{1}] %m -->
		</layout>
	</appender>
	
	<appender name="console" class="org.apache.log4j.ConsoleAppender">
	    <layout class="org.apache.log4j.PatternLayout">
		<param name="ConversionPattern" value="%d{yyyy-MM-dd HH:mm:ss} %-5p %c{1}:%L - %m%n" />
	    </layout>
	</appender>

	<logger name="com.bigmemory.samples.wan.debulker.profiler.ServiceProfiler">
		<level value="info" />
		<appender-ref ref="syslog" />
	</logger>

	<!-- <root>
		<level value="INFO" />
		<appender-ref ref="console" />
		<appender-ref ref="file" />
		<appender-ref ref="syslog" />
	</root>-->
</log4j:configuration>