<?xml version="1.0" encoding="UTF-8"?>
<wan-config xmlns="http://config.wan.terracottatech.com">

	<bind host="localhost" port="9002" />
	<logs>wan-logs/region-2/</logs>
	<replicationMode>bidirectional</replicationMode>
	<cacheManager ehcacheConfigURI="file:///C:/dennis/VocaLink/bigmemory-max-4.3.1.1.36/code-samples/example09-wan-replication/ehcache-region-2.xml">
		<cache name="Lookup">
			<master host="localhost" port="9001" />
		</cache>
	</cacheManager>
	<userClassDirectory>C:/dennis/VocaLink/bigmemory-max-4.3.1.1.36/code-samples/target</userClassDirectory>

</wan-config>
