<?xml version="1.0" encoding="UTF-8"?>
<beans xmlns="http://www.springframework.org/schema/beans"
	xmlns:xsi="http://www.w3.org/2001/XMLSchema-instance"
	xmlns:p="http://www.springframework.org/schema/p"
	xmlns:aop="http://www.springframework.org/schema/aop"
	xsi:schemaLocation="http://www.springframework.org/schema/beans http://www.springframework.org/schema/beans/spring-beans-4.0.xsd
    http://www.springframework.org/schema/aop http://www.springframework.org/schema/aop/spring-aop-4.0.xsd">

	<bean id="bulkFile" class="java.lang.String">
		<constructor-arg value="C:/dennis/Vocalink/10m.csv" />
	</bean>
	<bean id="reportFile" class="java.lang.String">
		<constructor-arg value="C:/dennis/Vocalink/10mi.csv" />
	</bean>

		<!-- Enable the @AspectJ support -->
		<aop:aspectj-autoproxy />

		<bean id="serviceProfiler" class="com.bigmemory.samples.wan.debulker.profiler.ServiceProfiler" />

		<bean id="debulkingStrategy" class="com.bigmemory.samples.wan.debulker.FilebasedDebulkingService.DefaultDebulkingStrategy"
			p:source-ref="bulkFile"
			p:destination-ref="reportFile"

			p:generateReport="true"
			p:queueSize="10000000"
			p:batchSize="1000000" />

		<!-- Cache -->
		<!-- WAN Replication -->
		<bean id="wanReplication" class="com.bigmemory.samples.wan.WanReplication" />

		<!-- Service and worker beans -->
		<bean id="serviceClass" class="com.bigmemory.samples.wan.debulker.FilebasedDebulkingService"
								p:fileReader-ref="memoryMappedFileReader"
								p:fileWriter-ref="memoryMappedFileWriter" />

		<bean id="memoryMappedFileReader" class="com.bigmemory.samples.wan.debulker.loader.MemoryMappedFileReader"
								p:debulkingStrategy-ref="debulkingStrategy"
								init-method="init" />
								
		<bean id="memoryMappedFileWriter" class="com.bigmemory.samples.wan.debulker.reporting.MemoryMappedFileWriter"
								p:filename-ref="reportFile" />
</beans>