<?xml version="1.0" encoding="UTF-8" ?>
<tc:tc-config xmlns:tc="http://www.terracotta.org/config">

  <tc-properties>
    <property name="l2.l1reconnect.timeout.millis" value="30000"/>
  </tc-properties>

  <servers>
    <server host="localhost" name="Region 2 TSA">
      <data>tsa-region-2/data</data>
      <logs>tsa-region-2/logs</logs>
      <index>tsa-region-2/server-index</index>
      <tsa-port>9610</tsa-port>
      <jmx-port>9620</jmx-port>
      <tsa-group-port>9630</tsa-group-port>
      <offheap>
        <enabled>true</enabled>
        <maxDataSize>2g</maxDataSize>
      </offheap>
    </server>
    <restartable enabled="false"/>
  </servers>

  <clients>
    <logs>client-region-2</logs>
  </clients>

</tc:tc-config>
